<?xml version="1.0" encoding="UTF-8" ?>
<!DOCTYPE configuration
  PUBLIC "-//mybatis.org//DTD Config 3.0//EN"
  "http://mybatis.org/dtd/mybatis-3-config.dtd">
<configuration>
	<properties resource="db.properties" />
	
	<typeAliases>
		<!-- alias는 vo에 @Alias("별칭")으로도 사용 가능 -->
		<typeAlias type="com.shopping.vo.User" alias="user"/>
		<typeAlias type="com.shopping.vo.Product" alias="product"/>
		<typeAlias type="com.shopping.vo.Order" alias="order"/>
	</typeAliases>
	
	<environments default="development">
		<environment id="development">
			<transactionManager type="JDBC" />
			<dataSource type="POOLED">
				<property name="driver" value="${driver}" />
				<property name="url" value="${url}" />
				<property name="username" value="${username}" />
				<property name="password" value="${password}" />
			</dataSource>
		</environment>
	</environments>
	<mappers>
		<mapper resource="userMapper.xml" />
		<mapper resource="shoppingMapper.xml" />
	</mappers>
</configuration>